Lamball,https://static.wikia.nocookie.net/palworld/images/4/47/Lamball.png
Cattiva,https://static.wikia.nocookie.net/palworld/images/5/59/Cattiva.png
Chikipi,https://static.wikia.nocookie.net/palworld/images/e/e9/Chikipi.png
Lifmunk,https://static.wikia.nocookie.net/palworld/images/c/c4/Lifmunk.png
Foxparks,https://static.wikia.nocookie.net/palworld/images/d/dd/Foxparks.png
Fuack,https://static.wikia.nocookie.net/palworld/images/6/6c/Fuack.png
Sparkit,https://static.wikia.nocookie.net/palworld/images/e/ee/Sparkit.png
Tanzee,https://static.wikia.nocookie.net/palworld/images/3/34/Tanzee.png
Rooby,https://static.wikia.nocookie.net/palworld/images/e/e5/Rooby.png
Pengullet,https://static.wikia.nocookie.net/palworld/images/b/b3/Pengullet.png
Penking,https://static.wikia.nocookie.net/palworld/images/5/5c/Penking.png
Jolthog,https://static.wikia.nocookie.net/palworld/images/5/50/Jolthog.png
Jolthog Cryst,https://static.wikia.nocookie.net/palworld/images/d/dc/Jolthog_Cryst.png
Gumoss,https://static.wikia.nocookie.net/palworld/images/f/f3/Gumoss.png
Gumoss (Special),https://static.wikia.nocookie.net/palworld/images/f/f3/Gumoss.png
Vixy,https://static.wikia.nocookie.net/palworld/images/7/79/Vixy.png
Hoocrates,https://static.wikia.nocookie.net/palworld/images/c/c5/Hoocrates.png
Teafant,https://static.wikia.nocookie.net/palworld/images/2/2b/Teafant.png
Depresso,https://static.wikia.nocookie.net/palworld/images/8/8b/Depresso.png
Cremis,https://static.wikia.nocookie.net/palworld/images/9/96/Cremis.png
Daedream,https://static.wikia.nocookie.net/palworld/images/d/d7/Daedream.png
Rushoar,https://static.wikia.nocookie.net/palworld/images/6/6d/Rushoar.png
Nox,https://static.wikia.nocookie.net/palworld/images/2/2e/Nox.png
Fuddler,https://static.wikia.nocookie.net/palworld/images/b/ba/Fuddler.png
Killamari,https://static.wikia.nocookie.net/palworld/images/b/bf/Killamari.png
Mau,https://static.wikia.nocookie.net/palworld/images/2/21/Mau.png
Mau Cryst,https://static.wikia.nocookie.net/palworld/images/b/bf/Mau_Cryst.png
Celaray,https://static.wikia.nocookie.net/palworld/images/a/aa/Celaray.png
Direhowl,https://static.wikia.nocookie.net/palworld/images/1/14/Direhowl.png
Tocotoco,https://static.wikia.nocookie.net/palworld/images/d/d9/Tocotoco.png
Flopie,https://static.wikia.nocookie.net/palworld/images/f/f0/Flopie.png
Mozzarina,https://static.wikia.nocookie.net/palworld/images/9/9d/Mozzarina.png
Bristla,https://static.wikia.nocookie.net/palworld/images/4/40/Bristla.png
Gobfin,https://static.wikia.nocookie.net/palworld/images/f/f9/Gobfin.png
Gobfin Ignis,https://static.wikia.nocookie.net/palworld/images/6/67/Gobfin_Ignis.png
Hangyu,https://www.paldeck.xyz/_next/image?url=https%3A%2F%2Fres.cloudinary.com%2Fdierlpbxm%2Fimage%2Fupload%2Fv1705439180%2Fhangyu_8e2e97eccd.png&w=640&q=75 
Hangyu Cryst,https://static.wikia.nocookie.net/palworld/images/d/df/Hangyu_Cryst.png
Mossanda,https://static.wikia.nocookie.net/palworld/images/b/b5/Mossanda.png
Mossanda Lux,https://static.wikia.nocookie.net/palworld/images/4/4b/Mossanda_Lux.png
Woolipop,https://static.wikia.nocookie.net/palworld/images/0/0f/Woolipop.png
Caprity,https://static.wikia.nocookie.net/palworld/images/5/5f/Caprity.png
Melpaca,https://static.wikia.nocookie.net/palworld/images/a/a0/Melpaca.png
Eikthyrdeer,https://static.wikia.nocookie.net/palworld/images/5/59/Eikthyrdeer.png
Eikthyrdeer Terra,https://static.wikia.nocookie.net/palworld/images/a/ac/Eikthyrdeer_Terra.png
Nitewing,https://static.wikia.nocookie.net/palworld/images/b/bf/Nitewing.png
Ribunny,https://static.wikia.nocookie.net/palworld/images/f/f1/Ribbuny.png
Incineram,https://static.wikia.nocookie.net/palworld/images/b/b1/Incineram.png
Incineram Noct,https://static.wikia.nocookie.net/palworld/images/7/76/Incineram_Noct.png
Cinnamoth,https://static.wikia.nocookie.net/palworld/images/c/cb/Cinnamoth.png
Arsox,https://static.wikia.nocookie.net/palworld/images/a/a4/Arsox.png
Dumud,https://static.wikia.nocookie.net/palworld/images/8/89/Dumud.png
Cawgnito,https://static.wikia.nocookie.net/palworld/images/d/d1/Cawgnito.png
Leezpunk,https://static.wikia.nocookie.net/palworld/images/4/4d/Leezpunk.png
Leezpunk Ignis,https://static.wikia.nocookie.net/palworld/images/b/ba/Leezpunk_Ignis.png
Loupmoon,https://static.wikia.nocookie.net/palworld/images/f/f8/Loupmoon.png
Galeclaw,https://static.wikia.nocookie.net/palworld/images/8/8a/Galeclaw.png
Robinquill,https://static.wikia.nocookie.net/palworld/images/1/13/Robinquill.png
Robinquill Terra,https://static.wikia.nocookie.net/palworld/images/4/42/Robinquill_Terra.png
Gorirat,https://static.wikia.nocookie.net/palworld/images/8/8f/Gorirat.png
Beegarde,https://static.wikia.nocookie.net/palworld/images/5/56/Beegarde.png
Elizabee,https://static.wikia.nocookie.net/palworld/images/6/6d/Elizabee.png
Grintale,https://static.wikia.nocookie.net/palworld/images/0/09/Grintale.png
Swee,https://static.wikia.nocookie.net/palworld/images/7/73/Swee.png
Sweepa,https://static.wikia.nocookie.net/palworld/images/9/93/Sweepa.png
Chillet,https://static.wikia.nocookie.net/palworld/images/5/50/Chillet.png
Univolt,https://static.wikia.nocookie.net/palworld/images/2/25/Univolt.png
Foxcicle,https://static.wikia.nocookie.net/palworld/images/7/7b/Foxcicle.png
Pyrin,https://static.wikia.nocookie.net/palworld/images/a/ab/Pyrin.png
Pyrin Noct,https://static.wikia.nocookie.net/palworld/images/7/72/Pyrin_Noct.png
Reindrix,https://static.wikia.nocookie.net/palworld/images/5/5f/Reindrix.png
Rayhound,https://static.wikia.nocookie.net/palworld/images/2/26/Rayhound.png
Kitsun,https://static.wikia.nocookie.net/palworld/images/c/c4/Kitsun.png
Dazzi,https://static.wikia.nocookie.net/palworld/images/9/99/Dazzi.png
Lunaris,https://static.wikia.nocookie.net/palworld/images/c/ce/Lunaris.png
Dinossom,https://static.wikia.nocookie.net/palworld/images/9/99/Dinossom.png
Dinossom Lux,https://static.wikia.nocookie.net/palworld/images/b/b7/Dinossom_Lux.png
Surfent,https://static.wikia.nocookie.net/palworld/images/f/f9/Surfent.png
Surfent Terra,https://static.wikia.nocookie.net/palworld/images/6/63/Surfent_Terra.png
Maraith,https://static.wikia.nocookie.net/palworld/images/7/7c/Maraith.png
Digtoise,https://static.wikia.nocookie.net/palworld/images/9/98/Digtoise.png
Tombat,https://static.wikia.nocookie.net/palworld/images/1/17/Tombat.png
Lovander,https://static.wikia.nocookie.net/palworld/images/a/af/Lovander.png
Flambelle,https://static.wikia.nocookie.net/palworld/images/1/19/Flambelle.png
Vanwyrm,https://static.wikia.nocookie.net/palworld/images/8/89/Vanwyrm.png
Vanwyrm Cryst,https://static.wikia.nocookie.net/palworld/images/4/42/Vanwyrm_Cryst.png
Bushi,https://static.wikia.nocookie.net/palworld/images/c/c0/Bushi.png
Beakon,https://static.wikia.nocookie.net/palworld/images/6/67/Beakon.png
Ragnahawk,https://static.wikia.nocookie.net/palworld/images/c/c3/Ragnahawk.png
Katress,https://static.wikia.nocookie.net/palworld/images/8/8d/Katress.png
Wixen,https://static.wikia.nocookie.net/palworld/images/f/fd/Wixen.png
Verdash,https://static.wikia.nocookie.net/palworld/images/c/c5/Verdash.png
Vaelet,https://static.wikia.nocookie.net/palworld/images/a/a0/Vaelet.png
Sibelyx,https://static.wikia.nocookie.net/palworld/images/c/cb/Sibelyx.png
Elphidran,https://static.wikia.nocookie.net/palworld/images/3/34/Elphidran.png
Elphidran Aqua,https://static.wikia.nocookie.net/palworld/images/6/65/Elphidran_Aqua.png
Kelpsea,https://static.wikia.nocookie.net/palworld/images/1/17/Kelpsea.png
Kelpsea Ignis,https://static.wikia.nocookie.net/palworld/images/d/d7/Kelpsea_Ignis.png
Azurobe,https://static.wikia.nocookie.net/palworld/images/b/bc/Azurobe.png
Cryolinx,https://static.wikia.nocookie.net/palworld/images/8/89/Cryolinx.png
Blazehowl,https://static.wikia.nocookie.net/palworld/images/6/6a/Blazehowl.png
Blazehowl Noct,https://static.wikia.nocookie.net/palworld/images/a/a2/Blazehowl_Noct.png
Relaxaurus,https://static.wikia.nocookie.net/palworld/images/0/0d/Relaxaurus.png
Relaxaurus Lux,https://static.wikia.nocookie.net/palworld/images/7/72/Relaxaurus_Lux.png
Broncherry,https://static.wikia.nocookie.net/palworld/images/8/81/Broncherry.png
Broncherry Aqua,https://static.wikia.nocookie.net/palworld/images/1/18/Broncherry_Aqua.png
Petallia,https://static.wikia.nocookie.net/palworld/images/4/4e/Petallia.png
Reptyro,https://static.wikia.nocookie.net/palworld/images/e/e4/Reptyro.png
Ice Reptyro,https://static.wikia.nocookie.net/palworld/images/5/57/Ice_Reptyro.png
Kingpaca,https://static.wikia.nocookie.net/palworld/images/0/0d/Kingpaca.png
Ice Kingpaca,https://static.wikia.nocookie.net/palworld/images/b/bd/Ice_Kingpaca.png
Mammorest,https://static.wikia.nocookie.net/palworld/images/2/26/Mammorest.png
Mammorest Cryst,https://static.wikia.nocookie.net/palworld/images/3/34/Mammorest_Cryst.png
Wumpo,https://static.wikia.nocookie.net/palworld/images/9/9b/Wumpo.png
Wumpo Botan,https://static.wikia.nocookie.net/palworld/images/a/a2/Wumpo_Botan.png
Warsect,https://static.wikia.nocookie.net/palworld/images/3/3a/Warsect.png
Fenglope,https://static.wikia.nocookie.net/palworld/images/3/31/Fenglope.png
Felbat,https://static.wikia.nocookie.net/palworld/images/c/c7/Felbat.png
Quivern,https://static.wikia.nocookie.net/palworld/images/c/cc/Quivern.png
Blazamut,https://static.wikia.nocookie.net/palworld/images/0/00/Blazamut.png
Helzephyr,https://static.wikia.nocookie.net/palworld/images/9/9d/Helzephyr.png
Astegon,https://static.wikia.nocookie.net/palworld/images/4/48/Astegon.png
Menasting,https://static.wikia.nocookie.net/palworld/images/2/2e/Menasting.png
Anubis,https://static.wikia.nocookie.net/palworld/images/2/26/Anubis.png
Jormuntide,https://static.wikia.nocookie.net/palworld/images/9/95/Jormuntide.png
Jormuntide Ignis,https://static.wikia.nocookie.net/palworld/images/f/f8/Jormuntide_Ignis.png
Suzaku,https://static.wikia.nocookie.net/palworld/images/1/1a/Suzaku.png
Suzaku Aqua,https://static.wikia.nocookie.net/palworld/images/2/22/Suzaku_Aqua.png
Grizzbolt,https://static.wikia.nocookie.net/palworld/images/d/dd/Grizzbolt.png
Lyleen,https://static.wikia.nocookie.net/palworld/images/2/2b/Lyleen.png
Lyleen Noct,https://static.wikia.nocookie.net/palworld/images/a/a0/Lyleen_Noct.png
Faleris,https://static.wikia.nocookie.net/palworld/images/8/84/Faleris.png
Orserk,https://static.wikia.nocookie.net/palworld/images/1/14/Orserk.png
Shadowbeak,https://static.wikia.nocookie.net/palworld/images/1/16/Shadowbeak.png
Paladius,https://static.wikia.nocookie.net/palworld/images/b/b8/Paladius.png
Necromus,https://static.wikia.nocookie.net/palworld/images/2/20/Necromus.png
Frostallion,https://static.wikia.nocookie.net/palworld/images/4/4f/Frostallion.png
Frostallion Noct,https://static.wikia.nocookie.net/palworld/images/b/b7/Frostallion_Noct.png
Jetragon,https://static.wikia.nocookie.net/palworld/images/f/fd/Jetragon.png
No Image,https://consultix.radiantthemes.com/demo-nine/wp-content/themes/consultix/images/no-image-found-360x250.png
